[
    {
        "question": "একটি ওয়েবসাইটকে ইন্টারনেটে প্রকাশ করার জন্য কী প্রয়োজন?",
        "options": ["ডোমেইন ও হোস্টিং", "শুধু কম্পিউটার", "ব্রাউজার", "সফটওয়্যার"],
        "answer": "ডোমেইন ও হোস্টিং"
    },
    {
        "question": "HTML ট্যাগের চিহ্ন কোনটি?",
        "options": ["<>", "{}", "()", "[]"],
        "answer": "<>"
    },
    {
        "question": "কোনটি একটি সার্চ ইঞ্জিন?",
        "options": ["গুগল", "ফেসবুক", "উইন্ডোজ", "ফটোশপ"],
        "answer": "গুগল"
    },
    {
        "question": "কম্পিউটারের মস্তিষ্ক বলা হয় কোনটিকে?",
        "options": ["RAM", "CPU", "মাদারবোর্ড", "হার্ডডিস্ক"],
        "answer": "CPU"
    },
    {
        "question": "ইন্টারনেট ব্যবহারের জন্য কোনটি প্রয়োজন?",
        "options": ["মডেম", "প্রিন্টার", "স্ক্যানার", "কীবোর্ড"],
        "answer": "মডেম"
    },
    {
        "question": "ওয়েব পেজ ডিজাইন করার জন্য কোন ভাষা ব্যবহার করা হয়?",
        "options": ["HTML", "C++", "Python", "Java"],
        "answer": "HTML"
    },
    {
        "question": "RAM এর পূর্ণরূপ কী?",
        "options": ["Random Access Memory", "Read Access Memory", "Run All Memory", "Read And Manage"],
        "answer": "Random Access Memory"
    },
    {
        "question": "কোনটি অপারেটিং সিস্টেম নয়?",
        "options": ["Windows", "Linux", "Android", "Chrome"],
        "answer": "Chrome"
    },
    {
        "question": "কম্পিউটারে ডাটা স্থায়ীভাবে সংরক্ষণের জন্য কোনটি ব্যবহার হয়?",
        "options": ["RAM", "হার্ডডিস্ক", "Cache", "Register"],
        "answer": "হার্ডডিস্ক"
    },
    {
        "question": "ওয়েবসাইটের ঠিকানাকে কী বলা হয়?",
        "options": ["URL", "IP", "DNS", "HTTP"],
        "answer": "URL"
    },
    {
        "question": "IP এর পূর্ণরূপ কী?",
        "options": ["Internet Protocol", "Internal Process", "Input Program", "Interconnect Port"],
        "answer": "Internet Protocol"
    },
    {
        "question": "কম্পিউটার ভাইরাস কী?",
        "options": ["এক ধরনের হার্ডওয়্যার", "একটি ক্ষতিকর সফটওয়্যার", "একটি অপারেটিং সিস্টেম", "একটি ওয়েব ব্রাউজার"],
        "answer": "একটি ক্ষতিকর সফটওয়্যার"
    },
    {
        "question": "কোনটি একটি ওয়েব ব্রাউজার?",
        "options": ["Chrome", "Facebook", "Google", "Yahoo"],
        "answer": "Chrome"
    },
    {
        "question": "WWW এর পূর্ণরূপ কী?",
        "options": ["World Wide Web", "Wide World Web", "Web World Wide", "World Web Wide"],
        "answer": "World Wide Web"
    },
    {
        "question": "ইমেইল পাঠানোর জন্য কোন প্রোটোকল ব্যবহার হয়?",
        "options": ["SMTP", "HTTP", "FTP", "IP"],
        "answer": "SMTP"
    },
    {
        "question": "কোনটি একটি প্রোগ্রামিং ভাষা?",
        "options": ["Python", "Google", "Yahoo", "Bing"],
        "answer": "Python"
    },
    {
        "question": "অ্যান্ড্রয়েড অ্যাপ তৈরিতে কোন ভাষা বেশি ব্যবহৃত হয়?",
        "options": ["Java", "PHP", "HTML", "SQL"],
        "answer": "Java"
    },
    {
        "question": "ফটো এডিট করার জন্য কোন সফটওয়্যার বেশি জনপ্রিয়?",
        "options": ["Photoshop", "MS Word", "Excel", "PowerPoint"],
        "answer": "Photoshop"
    },
    {
        "question": "ডোমেইন নেম কে IP ঠিকানায় রূপান্তর করে কোনটি?",
        "options": ["DNS", "HTTP", "URL", "SMTP"],
        "answer": "DNS"
    },
    {
        "question": "কোনটি একটি ইনপুট ডিভাইস?",
        "options": ["Keyboard", "Monitor", "Printer", "Speaker"],
        "answer": "Keyboard"
    }
]