[
    {
        "question": "CSS এ 'z-index' প্রোপার্টি কী কাজ করে?",
        "options": ["লেয়ারের স্ট্যাকিং অর্ডার ঠিক করে", "টেক্সটের সাইজ বাড়ায়", "ব্যাকগ্রাউন্ড কালার দেয়", "বক্স মডেল তৈরি করে"],
        "answer": "লেয়ারের স্ট্যাকিং অর্ডার ঠিক করে"
    },
    {
        "question": "IPv6 অ্যাড্রেস কত বিটের হয়?",
        "options": ["128-bit", "32-bit", "64-bit", "256-bit"],
        "answer": "128-bit"
    },
    {
        "question": "FTP এর পূর্ণরূপ কী?",
        "options": ["File Transfer Protocol", "File Text Protocol", "Folder Transfer Project", "Fast Transfer Protocol"],
        "answer": "File Transfer Protocol"
    },
    {
        "question": "HTML এ ছবি দেখানোর জন্য কোন ট্যাগ ব্যবহার হয়?",
        "options": ["<img>", "<image>", "<src>", "<pic>"],
        "answer": "<img>"
    },
    {
        "question": "JavaScript কোন ধরনের ভাষা?",
        "options": ["Scripting Language", "Markup Language", "Programming Hardware", "Database Language"],
        "answer": "Scripting Language"
    },
    {
        "question": "HTTP এর পূর্ণরূপ কী?",
        "options": ["Hyper Text Transfer Protocol", "High Transfer Text Protocol", "Hyper Transfer Text Program", "Host Transfer Type Protocol"],
        "answer": "Hyper Text Transfer Protocol"
    },
    {
        "question": "কম্পিউটারের প্রাথমিক স্টোরেজ কোনটি?",
        "options": ["RAM", "হার্ডডিস্ক", "পেনড্রাইভ", "CD-ROM"],
        "answer": "RAM"
    },
    {
        "question": "CSS এ টেক্সটের রঙ পরিবর্তনের জন্য কোন প্রোপার্টি ব্যবহার হয়?",
        "options": ["color", "background-color", "text-style", "font-color"],
        "answer": "color"
    },
    {
        "question": "MySQL কোন ধরনের সফটওয়্যার?",
        "options": ["Database Management System", "Web Browser", "Operating System", "Image Editor"],
        "answer": "Database Management System"
    },
    {
        "question": "HTML এর পূর্ণরূপ কী?",
        "options": ["Hyper Text Markup Language", "High Transfer Machine Language", "Hyper Tool Making Language", "Hyperlink Text Making Language"],
        "answer": "Hyper Text Markup Language"
    },
    {
        "question": "CSS এ 'position: fixed' কী করে?",
        "options": ["এলিমেন্টকে স্ক্রিনে স্থির রাখে", "এলিমেন্ট লুকিয়ে ফেলে", "এলিমেন্টকে ডানদিকে সরায়", "এলিমেন্ট ঘোরায়"],
        "answer": "এলিমেন্টকে স্ক্রিনে স্থির রাখে"
    },
    {
        "question": "DNS এর পূর্ণরূপ কী?",
        "options": ["Domain Name System", "Data Network Server", "Domain Number Service", "Digital Network System"],
        "answer": "Domain Name System"
    },
    {
        "question": "ওয়েবসাইটের রেসপন্সিভ ডিজাইনের জন্য কোন প্রযুক্তি বেশি ব্যবহৃত হয়?",
        "options": ["CSS Media Query", "HTML Table", "Java Applet", "FTP"],
        "answer": "CSS Media Query"
    },
    {
        "question": "JavaScript এ ফাংশন ডিফাইন করার জন্য কোন কীওয়ার্ড ব্যবহার হয়?",
        "options": ["function", "method", "define", "func"],
        "answer": "function"
    },
    {
        "question": "SSL সার্টিফিকেট কী কাজে লাগে?",
        "options": ["ওয়েবসাইট সিকিউর করতে", "ওয়েবসাইটের গতি বাড়াতে", "ওয়েবসাইট ডিজাইন করতে", "সার্ভারে ডাটা সংরক্ষণ করতে"],
        "answer": "ওয়েবসাইট সিকিউর করতে"
    },
    {
        "question": "Git কোন ধরনের টুল?",
        "options": ["Version Control System", "Database Software", "Programming Language", "Web Server"],
        "answer": "Version Control System"
    },
    {
        "question": "CSS এ 'display: none' কী করে?",
        "options": ["এলিমেন্ট লুকিয়ে ফেলে", "এলিমেন্ট ছোট করে", "এলিমেন্টকে ডানদিকে রাখে", "এলিমেন্ট ঘোরায়"],
        "answer": "এলিমেন্ট লুকিয়ে ফেলে"
    },
    {
        "question": "IP ঠিকানা চিহ্নিত করতে কোনটি ব্যবহার হয়?",
        "options": ["Numbers and Dots", "Only Letters", "Special Symbols", "Colors"],
        "answer": "Numbers and Dots"
    },
    {
        "question": "HTML এ লিঙ্ক তৈরি করতে কোন ট্যাগ ব্যবহার হয়?",
        "options": ["<a>", "<link>", "<href>", "<url>"],
        "answer": "<a>"
    },
    {
        "question": "CSS এর পূর্ণরূপ কী?",
        "options": ["Cascading Style Sheets", "Computer Styling System", "Creative Style Syntax", "Content Styling Sheets"],
        "answer": "Cascading Style Sheets"
    }
]