[
    {
        "title": "ওয়েবপেজের স্ট্রাকচার",
        "content": "একটি ওয়েবপেজের দুটি প্রধান অংশ থাকে: হেড (<head>) এবং বডি (<body>)। হেড সেকশনে মেটা-ডেটা, টাইটেল, এবং সিএসএস ফাইলের লিঙ্ক থাকে। বডি সেকশনে ব্যবহারকারী যা কিছু দেখতে পায় (যেমন টেক্সট, ছবি, ভিডিও) সেই সব কনটেন্ট থাকে।"
    },
    {
        "title": "ব্লক ও ইনলাইন এলিমেন্ট",
        "content": "ব্লক এলিমেন্ট (যেমন: <div>, <p>, <h1>) সবসময় নতুন লাইনে শুরু হয় এবং পুরো প্রস্থ (width) জুড়ে জায়গা নেয়। ইনলাইন এলিমেন্ট (যেমন: <span>, <a>, <img>) নতুন লাইন তৈরি করে না এবং যতটুকু দরকার ততটুকু জায়গা নেয়।"
    },
    {
        "title": "HTML এট্রিবিউট কী?",
        "content": "এট্রিবিউট হলো HTML এলিমেন্টের অতিরিক্ত তথ্য যা এলিমেন্টের আচরণ বা বৈশিষ্ট্য নির্ধারণ করে। যেমন, <img> ট্যাগের 'src' একটি এট্রিবিউট যা ছবির উৎস বলে দেয়। এট্রিবিউট সবসময় ট্যাগের ওপেনিং অংশে লেখা হয়।"
    }
]